CREATE TABLE CATEGORIES(
	CATEGORY_ID NUMBER PRIMARY KEY,
	CATEGORY_NAME VARCHAR2(100) UNIQUE
);

COMMENT ON COLUMN CATEGORIES.CATEGORY_ID IS'카테고리 ID';
COMMENT ON COLUMN CATEGORIES.CATEGORY_NAME IS'카테고리 이름';

SELECT * FROM CATEGORIES;

INSERT INTO CATEGORIES VALUES(1,'스마트폰');
INSERT INTO CATEGORIES VALUES(2,'TV');
INSERT INTO CATEGORIES VALUES(3,'Gaming');
---------------------------------------------------------------------
CREATE TABLE PRODUCTS(
	PRODUCT_ID NUMBER PRIMARY KEY,
	PRODUCT_NAME VARCHAR2(100) NOT NULL,
	CATEGORY NUMBER CONSTRAINT CATEGORY_FK REFERENCES CATEGORIES(CATEGORY_ID),
	PRICE NUMBER DEFAULT 0,
	STOCK_QUANTITY NUMBER DEFAULT 0
);

COMMENT ON COLUMN PRODUCTS.PRODUCT_ID IS '상품 코드';
COMMENT ON COLUMN PRODUCTS.PRODUCT_NAME IS '상품 이름 ';
COMMENT ON COLUMN PRODUCTS.CATEGORY IS '카테고리';
COMMENT ON COLUMN PRODUCTS.PRICE IS '가격';
COMMENT ON COLUMN PRODUCTS.STOCK_QUANTITY IS '재고량';

SELECT * FROM PRODUCTS;

INSERT INTO PRODUCTS 
VALUES(101,'Apple iPhone 12',1,1500000,30);
INSERT INTO PRODUCTS 
VALUES(102,'Samsung Galaxy S24',1,1800000,50);
INSERT INTO PRODUCTS 
VALUES(201,'LG OLED TV',2,3600000,10);
INSERT INTO PRODUCTS 
VALUES(301,'Sony PlayStation 5',3,70000,15);
------------------------------------------------------------------------
CREATE TABLE CUSTOMERS(
	CUSTOMER_ID  NUMBER PRIMARY KEY,
	NAME VARCHAR2(20) NOT NULL,
	GENDER CHAR(3) CONSTRAINT GENDER_CHECK CHECK(GENDER IN('남','여')),
	ADDRESS VARCHAR2(100),
	PHONE VARCHAR2(30)
);

COMMENT ON COLUMN CUSTOMERS.CUSTOMER_ID IS '고객ID';
COMMENT ON COLUMN CUSTOMERS.NAME IS '이름';
COMMENT ON COLUMN CUSTOMERS.GENDER IS '성별';
COMMENT ON COLUMN CUSTOMERS.ADDRESS IS '주소';
COMMENT ON COLUMN CUSTOMERS.PHONE IS '전화번호';

INSERT INTO CUSTOMERS
VALUES(1,'홍길동','남','서울시 성동구 왕십리','010-1111-2222');
INSERT INTO CUSTOMERS
VALUES(2,'유관순','여','서울시 종로구 안국동','010-3333-1111');

SELECT * FROM CUSTOMERS;
-----------------------------------------------------------------------
CREATE TABLE ORDERS(
	ORDER_ID NUMBER PRIMARY KEY,
	ORDER_DATE DATE DEFAULT SYSDATE,
	STATUS CHAR(1)  DEFAULT 'N' CONSTRAINT STATUS_CHECK CHECK(STATUS IN('Y','N')),
	CUSTOMER_ID NUMBER CONSTRAINT CUSTOMER_ID_FK 
	REFERENCES CUSTOMERS ON DELETE CASCADE
);

COMMENT ON COLUMN ORDERS.ORDER_ID IS '주문 번호';
COMMENT ON COLUMN ORDERS.ORDER_DATE IS '주문일';
COMMENT ON COLUMN ORDERS.STATUS IS '처리상태';
COMMENT ON COLUMN ORDERS.CUSTOMER_ID IS '고객ID';

INSERT INTO ORDERS
VALUES(576,'20240229','N',1);
INSERT INTO ORDERS
VALUES(978,'20240311','Y',2);
INSERT INTO ORDERS
VALUES(777,'20240311','N',2);
INSERT INTO ORDERS
VALUES(134,'20241225','Y',1);
INSERT INTO ORDERS
VALUES(499,'20240103','Y',1);

SELECT * FROM ORDERS;
------------------------------------------------------------------------
CREATE TABLE ORDER_DETAILS(
	ORDER_DETAIL_ID NUMBER PRIMARY KEY,
	ORDER_ID NUMBER CONSTRAINT ORDER_ID_FK REFERENCES ORDERS ON DELETE CASCADE,
	PRODUCT_ID NUMBER CONSTRAINT PRODUCT_ID_FK REFERENCES PRODUCTS ON DELETE SET NULL,
	QUANTITY NUMBER,
	PRICE_PER_UNIT NUMBER
);

COMMENT ON COLUMN ORDER_DETAILS.ORDER_DETAIL_ID IS '주문 상세 ID ';
COMMENT ON COLUMN ORDER_DETAILS.ORDER_ID IS '주문 번호 ';
COMMENT ON COLUMN ORDER_DETAILS.PRODUCT_ID IS '상품 코드 ';
COMMENT ON COLUMN ORDER_DETAILS.QUANTITY IS '수량';
COMMENT ON COLUMN ORDER_DETAILS.PRICE_PER_UNIT IS '가격 ';

INSERT INTO ORDER_DETAILS
VALUES(111,576,101,1,1500000);
INSERT INTO ORDER_DETAILS
VALUES(222,978,201,2,3600000);
INSERT INTO ORDER_DETAILS
VALUES(333,978,101,1,1800000);
INSERT INTO ORDER_DETAILS
VALUES(444,777,101,5,700000);
INSERT INTO ORDER_DETAILS
VALUES(555,576,102,1,1800000);
INSERT INTO ORDER_DETAILS
VALUES(666,499,201,3,3600000);

SELECT * FROM ORDER_DETAILS;

------------------------------------------------------------------------
--1. 쇼핑몰 관리자가 주문은 받았으나, 아직 처리가 안된 주문을 처리하려고
-- 한다. 현재 주문 내역 중 아직 처리되지 않은 주문을 조회하시오. 😀
-- (고객명, 주문일, 처리상태)
SELECT NAME 고객명,ORDER_DATE 주문일,STATUS 처리상태
FROM CUSTOMERS
JOIN ORDERS USING(CUSTOMER_ID)
WHERE STATUS = 'N';

-- 2. 홍길동 고객이 2024년도에 본인이 주문한 전체 내역을 조회하고자 한다.
-- 주문번호, 주문날짜, 처리상태 조회하시오 😀
SELECT ORDER_ID 주문번호,ORDER_DATE 주문날짜,STATUS 처리상태
FROM ORDERS
WHERE CUSTOMER_ID = 1
AND STATUS = 'N';

-- 3. 유관순 고객이 지금껏 주문한 상품의 수량 별 금액을 조회하려고 한다.
-- 주문번호, 상품명, 수량, 개별금액, 주문별금액을 조회하시오 😀
SELECT ORDER_ID 주문번호, PRODUCT_NAME 상품명, 
QUANTITY 수량, PRICE_PER_UNIT 개별금액, 
QUANTITY * PRICE_PER_UNIT 주문별금액합계
FROM ORDER_DETAILS
JOIN PRODUCTS USING(PRODUCT_ID)
JOIN ORDERS USING(ORDER_ID)
JOIN CUSTOMERS USING(CUSTOMER_ID)
WHERE NAME = '유관순';












